,MSE,R2,data set,iter,depth,loss function
0,86.47014846712615,0.9266409246348755,train,20,10,square
1,123.3570795898761,0.8929338578605982,test,20,10,square
2,233.4162260868779,0.8019756086407086,train,20,5,square
3,242.82013176072547,0.7892474852044427,test,20,5,square
