,MSE,R2,data set,iter,depth,loss function
0,83.54410803122524,0.9291910199386442,train,15,10,square
1,128.51852719777398,0.8893008794366147,test,15,10,square
2,122.39528830487116,0.8932935714903489,evaluation,15,10,square
