,MSE,R2,data set,depth,iter,loss function
0,102.83045475749411,0.9124991791575852,test,15,50,exponential
1,27.228957535152126,0.9768473569244478,train,15,50,exponential
0,106.93924559560273,0.9090160366619692,test,20,50,exponential
1,21.750326211042,0.9815063334773383,train,20,50,exponential
